{
    "Name": "M.A.C.E. Project - Moon Lord resprite",
    "Author": "Litos",
    "Description": "'Yep. One of Teochrome Heavy Industries most expensive experimental creations. It has the aerodynamics of a brick and violates every conceivable weapons convention and environmental regulation.'
Replaces moonlord sprite with this giantic machine, also this resourcepack includes sounds and some items (but not many items)
Made by Litos",
    "Version": {
        "major": 1,
        "minor": 0
    }
}
