{
    "ItemName": {
        "PumpkingPetItem": "Laser Pointer",
	"MartianPetItem":  "Mini Marker",
    },
    "BuffName": {
	"PumpkingPet": "Bosco",
        "MartianPet":  "Mini Mule",
    },
    "ItemTooltip": {
	"PumpkingPetItem": "Summons an All Purpose drone 'Come here you flying tin can' ",
	"MartianPetItem":  "Summons a Mini mule 'Deep Rock seriously needs to invest in some better equipment' ",
    },
    "BuffDescription": {
	"PumpkingPet": "An All Purpose drone lights your way",
	"MartianPet":  "Look a baby molly!",
    },
}