{
    "Name": "Guide Waifu",
    "Author": "Oil",
    "Description": "[h1]I do it to make people happy.You can follow me here. https://twitter.com/oilmarut ;>[/h1]

Type	
NPC
Environment	
SurfaceValid houseForest
AI Type	Passive AI
Damage	8 (arrows) [1]
Max Life	250
Defense	15
KB Resist	50%

This article is about the NPC. For Guide articles, see Terraria Wiki:Projects/Guides.
The Guide is usually the first NPC a player encounters. He spawns near the player when the world is created. He provides tips mainly aimed at new players and displays all crafting recipes (including the crafting station required) an item shown to him is used in.

Unlike most other NPCs, the Guide spawns upon world creation, before a house is available. He will, however, move into the first house built. If he is killed, a proper house will need to be built before he can respawn.

On the Desktop version Desktop, Console version Console, and Mobile version Mobile versions, the Guide will defend himself against nearby enemies using a Wooden Bow and arrow, firing Wooden Arrows initially and then upgrading to Flaming Arrows in Hardmode. He deals 8 / 12 / 14 damage at the start of the game, and as players progress, he will gain various stat increases",
    "Version": {
        "major": 1,
        "minor": 41
    }
}
