{
    "Name": "[c/56d2ff:Polaris Texture Pack]",
    "Author": "[c/56d2ff:Orion]",
	"Description": "Polaris Texture Pack adds 676 resprites ranging from minor edits to complete overhauls, with cleaner and more detailed sprites while preserving the visual tone of vanilla. It focuses on items and environmental tiles, but also includes several NPCs, UI changes, and background tweaks. \n\nSpecial thanks to Logar for contributing their Scourge of the Corruptor!",
    "Version": 
	{
        "major": 1,
        "minor": 14
    }
}