﻿{
	"ItemName": {
		"EnchantedBoomerang": "Microphone",
		"TheAxe": "Bonnie's Guitar",
		"MagicalHarp": "Magical Cupcake",
		"Harp": "Cupcake",
		"LightDisc": "Pizza",
		"BouncingShield": "Bouncing Pizza Shield",
		"RichMahoganyHelmet": "Freddy Fazbear Mask",
		"RichMahoganyBreastplate": "Freddy Fazbear Shirt",
		"RichMahoganyGreaves": "Freddy Fazbear Pants",
		"WoodHelmet": "Bonnie Mask",
		"WoodBreastplate": "Bonnie Shirt",
		"WoodGreaves": "Bonnie Pants",
		"PalmWoodHelmet": "Chica Mask",
		"PalmWoodBreastplate": "Chica Shirt",
		"PalmWoodGreaves": "Chica Pants",
		"BorealWoodHelmet": "Foxy Mask",
		"BorealWoodBreastplate": "Foxy Shirt",
		"BorealWoodGreaves": "Foxy Pants",
		"GoldHelmet": "Golden Freddy Mask",
		"GoldChainmail": "Golden Freddy Shirt",
		"GoldGreaves": "Golden Freddy Pants",
		"AncientGoldHelmet": "Eyeless Golden Freddy Mask",
		"CopperHelmet": "Old Freddy Mask",
		"CopperChainmail": "Old Freddy Shirt",
		"CopperGreaves": "Old Freddy Pants",
		"TinHelmet": "Old Bonnie Mask",
		"TinChainmail": "Old Bonnie Shirt",
		"TinGreaves": "Old Bonnie Pants",
		"RobotMask": "Old Chica Mask",
		"RobotShirt": "Old Chica Shirt",
		"RobotPants": "Old Chica Pants",
		"LeadHelmet": "Old Foxy Mask",
		"LeadChainmail": "Old Foxy Shirt",
		"LeadGreaves": "Old Foxy Pants",
		"SilverHelmet": "Toy Freddy Mask",
		"SilverChainmail": "Toy Freddy Shirt",
		"SilverGreaves": "Toy Freddy Pants",
		"TungstenHelmet": "Toy Bonnie Mask",
		"TungstenChainmail": "Toy Bonnie Shirt",
		"TungstenGreaves": "Toy Bonnie Pants",
		"IronHelmet": "Toy Chica Mask",
		"IronChainmail": "Toy Chica Shirt",
		"IronGreaves": "Toy Chica Pants",
		"AncientIronHelmet": "Eyeless Toy Chica Mask",
		"ShadowHelmet": "Shadow Freddy Mask",
		"ShadowScalemail": "Shadow Freddy Shirt",
		"ShadowGreaves": "Shadow Freddy Pants",
		"MartianUniformHelmet": "Shadow Bonnie Mask",
		"MartianUniformPants": "Shadow Bonnie Pants",
		"MartianUniformTorso": "Shadow Bonnie Pants",
		"CrystalNinjaHelmet": "Springtrap Mask",
		"CrystalNinjaChestplate": "Springtrap Shirt",
		"CrystalNinjaLeggings": "Springtrap Pants",
		"AncientHallowedMask": "Family Diner Fredbear Mask",
		"AncientHallowedHelmet": "Family Diner Eyeless Fredbear Mask",
		"AncientHallowedHeadgear": "Family Diner Spring Bonnie Mask",
		"AncientHallowedHood": "Family Diner Eyeless Spring Bonnie Mask",
		"AncientHallowedPlateMail": "Family Diner Shirt",
		"AncientHallowedGreaves": "Family Diner Pants",
		"NinjaHood": "Purple Guy Mask",
		"NinjaShirt": "Purple Guy Shirt",
		"NinjaPants": "Purple Guy Pants",
		"BossMaskCultist": "Glitchtrap Mask",
		"BlueLunaticRobe": "Glitchtrap Jumpsuit",
		"BlueLunaticHood": "Vanny Hood Mask",
		"WhiteLunaticHood": "Vanny Mask",
		"WhiteLunaticRobe": "Vanny Jumpsuit",
		"CatEars": "Vanny Mask",
		"AncientCultistTrophy": "Glitchtrap Trophy",
		"LunaticCultistMasterTrophy": "Glitchtrap Relic"
	},
	"NPCName": {
		"Golem": "Security",
		"GolemHead": "Security Head",
		"GolemFistLeft": "Security Satellite",
		"GolemFistRight": "Security Satellite",
		"GolemHeadFree": "Security Head",
		"CultistBoss": "Glitchtrap",
		"CultistBossClone": "Glitchtrap"
	}
}