{
    "Name": "JoJo's Terraria Adventure",
    "Author": "Giobun",
    "Description": "· JoJo's Terraria Adventure is a texture pack that changes many of Terraria's existing items into living JoJo references! The Stardust Guardian has been changed into Star Platinum, and the existing base armors have been repurposed into numerous different JoJo characters, making your normal Terraria gameplay into a Bizarre Adventure!

· Contains the Star Platinum retexture for the Stardust Guardian.

· Created by Giobun.
   https://www.youtube.com/c/Giobun/",
    "Version": {
        "major": 2,
        "minor": 0
    }
}

